round,loss,accuracy,epsilon
0,2.3029864444732664,10.09,0.0
1,2.2994094970703123,10.79,1.0018849953181306
2,2.292570597076416,29.05,1.429120466907017
3,2.2829537628173826,49.51,1.7618119183422736
4,2.2709795154571535,53.44,2.045563783744898
5,2.256963703536987,58.31,2.298040556725753
6,2.2412652450561525,62.25,2.5283016650402392
7,2.224435636138916,62.71,2.7417288243233444
8,2.206420962524414,63.77,2.9418285200313075
9,2.1875699531555175,64.91,3.131036365280302
10,2.1680659839630128,66.11,3.311125715155039
11,2.147760146331787,67.03,3.4834353095011723
12,2.1264599155426027,67.98,3.649005216010457
13,2.1035440826416014,67.54,3.8086625459189953
14,2.0782744983673096,66.17,3.963077917837399
15,2.05079494972229,63.81,4.112804017654696
16,2.0239361717224122,60.28,4.258302739924342
17,2.0006524353027344,56.77,4.3999647901004595
18,1.9810676342010498,54.79,4.538124159372872
19,1.9632625535964965,53.86,4.673069021859604
20,1.9464138233184813,53.32,4.8050500789946895
21,1.930659691619873,52.84,4.934287046076669
22,1.9161300945281983,52.46,5.060973762836011
23,1.9027919494628907,52.14,5.185282268795423
24,1.8906097038269043,51.84,5.307366088732298
25,1.879482566833496,51.32,5.4273629076770185
26,1.8692501827239991,51.1,5.5453967686112415
27,1.8598033491134645,50.77,5.66157989300455
28,1.8509928337097168,50.71,5.776014200407145
29,1.8427242391586303,51.13,5.8887925857559
30,1.8348409435272217,51.25,6.000000000000007
