round,loss,accuracy,epsilon,run
0,2.3029869602203368,10.09,0.0,codex_resume_e2e_20261009
1,2.299502117538452,14.49,4.112804017654696,codex_resume_e2e_20261009
2,2.2958373432159425,14.38,6.000000000000007,codex_resume_e2e_20261009
0,2.3029869602203368,10.09,0.0,codex_test_20261009
1,2.299502135848999,14.49,4.112804017654696,codex_test_20261009
2,2.2958373432159425,14.38,6.000000000000007,codex_test_20261009
0,2.3029864444732664,10.09,inf,ndag-m-lab-linux-x86_64-7fa78ccc/20261009T175727716857Z_No_DP
1,2.3029864444732664,10.09,inf,ndag-m-lab-linux-x86_64-7fa78ccc/20261009T175727716857Z_No_DP
2,2.3029864444732664,10.09,inf,ndag-m-lab-linux-x86_64-7fa78ccc/20261009T175727716857Z_No_DP
3,2.3029864444732664,10.09,inf,ndag-m-lab-linux-x86_64-7fa78ccc/20261009T175727716857Z_No_DP
4,2.3029864444732664,10.09,inf,ndag-m-lab-linux-x86_64-7fa78ccc/20261009T175727716857Z_No_DP
5,2.3029864444732664,10.09,inf,ndag-m-lab-linux-x86_64-7fa78ccc/20261009T175727716857Z_No_DP
6,2.3029864444732664,10.09,inf,ndag-m-lab-linux-x86_64-7fa78ccc/20261009T175727716857Z_No_DP
7,2.3029864444732664,10.09,inf,ndag-m-lab-linux-x86_64-7fa78ccc/20261009T175727716857Z_No_DP
8,2.3029864444732664,10.09,inf,ndag-m-lab-linux-x86_64-7fa78ccc/20261009T175727716857Z_No_DP
9,2.3029864444732664,10.09,inf,ndag-m-lab-linux-x86_64-7fa78ccc/20261009T175727716857Z_No_DP
10,2.3029864444732664,10.09,inf,ndag-m-lab-linux-x86_64-7fa78ccc/20261009T175727716857Z_No_DP
11,2.3029864444732664,10.09,inf,ndag-m-lab-linux-x86_64-7fa78ccc/20261009T175727716857Z_No_DP
12,2.3029864444732664,10.09,inf,ndag-m-lab-linux-x86_64-7fa78ccc/20261009T175727716857Z_No_DP
13,2.3029864444732664,10.09,inf,ndag-m-lab-linux-x86_64-7fa78ccc/20261009T175727716857Z_No_DP
14,2.3029864444732664,10.09,inf,ndag-m-lab-linux-x86_64-7fa78ccc/20261009T175727716857Z_No_DP
15,2.3029864444732664,10.09,inf,ndag-m-lab-linux-x86_64-7fa78ccc/20261009T175727716857Z_No_DP
16,2.3029864444732664,10.09,inf,ndag-m-lab-linux-x86_64-7fa78ccc/20261009T175727716857Z_No_DP
17,2.3029864444732664,10.09,inf,ndag-m-lab-linux-x86_64-7fa78ccc/20261009T175727716857Z_No_DP
18,2.3029864444732664,10.09,inf,ndag-m-lab-linux-x86_64-7fa78ccc/20261009T175727716857Z_No_DP
19,2.3029864444732664,10.09,inf,ndag-m-lab-linux-x86_64-7fa78ccc/20261009T175727716857Z_No_DP
20,2.3029864444732664,10.09,inf,ndag-m-lab-linux-x86_64-7fa78ccc/20261009T175727716857Z_No_DP
21,2.3029864444732664,10.09,inf,ndag-m-lab-linux-x86_64-7fa78ccc/20261009T175727716857Z_No_DP
22,2.3029864444732664,10.09,inf,ndag-m-lab-linux-x86_64-7fa78ccc/20261009T175727716857Z_No_DP
23,2.3029864444732664,10.09,inf,ndag-m-lab-linux-x86_64-7fa78ccc/20261009T175727716857Z_No_DP
24,2.3029864444732664,10.09,inf,ndag-m-lab-linux-x86_64-7fa78ccc/20261009T175727716857Z_No_DP
25,2.3029864444732664,10.09,inf,ndag-m-lab-linux-x86_64-7fa78ccc/20261009T175727716857Z_No_DP
26,2.3029864444732664,10.09,inf,ndag-m-lab-linux-x86_64-7fa78ccc/20261009T175727716857Z_No_DP
27,2.3029864444732664,10.09,inf,ndag-m-lab-linux-x86_64-7fa78ccc/20261009T175727716857Z_No_DP
28,2.3029864444732664,10.09,inf,ndag-m-lab-linux-x86_64-7fa78ccc/20261009T175727716857Z_No_DP
29,2.3029864444732664,10.09,inf,ndag-m-lab-linux-x86_64-7fa78ccc/20261009T175727716857Z_No_DP
30,2.3029864444732664,10.09,inf,ndag-m-lab-linux-x86_64-7fa78ccc/20261009T175727716857Z_No_DP
0,2.3029864444732664,10.09,0.0,ndag-m-lab-linux-x86_64-7fa78ccc/20261009T175727716857Z_Vanilla_local_noise_adding_eps6
1,2.3029864444732664,10.09,1.0018849953181306,ndag-m-lab-linux-x86_64-7fa78ccc/20261009T175727716857Z_Vanilla_local_noise_adding_eps6
2,2.3029864444732664,10.09,1.429120466907017,ndag-m-lab-linux-x86_64-7fa78ccc/20261009T175727716857Z_Vanilla_local_noise_adding_eps6
3,2.3029864444732664,10.09,1.7618119183422736,ndag-m-lab-linux-x86_64-7fa78ccc/20261009T175727716857Z_Vanilla_local_noise_adding_eps6
4,2.3029864444732664,10.09,2.045563783744898,ndag-m-lab-linux-x86_64-7fa78ccc/20261009T175727716857Z_Vanilla_local_noise_adding_eps6
5,2.3029864444732664,10.09,2.298040556725753,ndag-m-lab-linux-x86_64-7fa78ccc/20261009T175727716857Z_Vanilla_local_noise_adding_eps6
6,2.3029864444732664,10.09,2.5283016650402392,ndag-m-lab-linux-x86_64-7fa78ccc/20261009T175727716857Z_Vanilla_local_noise_adding_eps6
7,2.3029864444732664,10.09,2.7417288243233444,ndag-m-lab-linux-x86_64-7fa78ccc/20261009T175727716857Z_Vanilla_local_noise_adding_eps6
8,2.3029864444732664,10.09,2.9418285200313075,ndag-m-lab-linux-x86_64-7fa78ccc/20261009T175727716857Z_Vanilla_local_noise_adding_eps6
9,2.3029864444732664,10.09,3.131036365280302,ndag-m-lab-linux-x86_64-7fa78ccc/20261009T175727716857Z_Vanilla_local_noise_adding_eps6
10,2.3029864444732664,10.09,3.311125715155039,ndag-m-lab-linux-x86_64-7fa78ccc/20261009T175727716857Z_Vanilla_local_noise_adding_eps6
11,2.3029864444732664,10.09,3.4834353095011723,ndag-m-lab-linux-x86_64-7fa78ccc/20261009T175727716857Z_Vanilla_local_noise_adding_eps6
12,2.3029864444732664,10.09,3.649005216010457,ndag-m-lab-linux-x86_64-7fa78ccc/20261009T175727716857Z_Vanilla_local_noise_adding_eps6
13,2.3029864444732664,10.09,3.8086625459189953,ndag-m-lab-linux-x86_64-7fa78ccc/20261009T175727716857Z_Vanilla_local_noise_adding_eps6
14,2.3029864444732664,10.09,3.963077917837399,ndag-m-lab-linux-x86_64-7fa78ccc/20261009T175727716857Z_Vanilla_local_noise_adding_eps6
15,2.3029864444732664,10.09,4.112804017654696,ndag-m-lab-linux-x86_64-7fa78ccc/20261009T175727716857Z_Vanilla_local_noise_adding_eps6
16,2.3029864444732664,10.09,4.258302739924342,ndag-m-lab-linux-x86_64-7fa78ccc/20261009T175727716857Z_Vanilla_local_noise_adding_eps6
17,2.3029864444732664,10.09,4.39996479010046,ndag-m-lab-linux-x86_64-7fa78ccc/20261009T175727716857Z_Vanilla_local_noise_adding_eps6
18,2.3029864444732664,10.09,4.538124159372872,ndag-m-lab-linux-x86_64-7fa78ccc/20261009T175727716857Z_Vanilla_local_noise_adding_eps6
19,2.3029864444732664,10.09,4.673069021859604,ndag-m-lab-linux-x86_64-7fa78ccc/20261009T175727716857Z_Vanilla_local_noise_adding_eps6
20,2.3029864444732664,10.09,4.8050500789946895,ndag-m-lab-linux-x86_64-7fa78ccc/20261009T175727716857Z_Vanilla_local_noise_adding_eps6
21,2.3029864444732664,10.09,4.934287046076669,ndag-m-lab-linux-x86_64-7fa78ccc/20261009T175727716857Z_Vanilla_local_noise_adding_eps6
22,2.3029864444732664,10.09,5.060973762836011,ndag-m-lab-linux-x86_64-7fa78ccc/20261009T175727716857Z_Vanilla_local_noise_adding_eps6
23,2.3029864444732664,10.09,5.185282268795423,ndag-m-lab-linux-x86_64-7fa78ccc/20261009T175727716857Z_Vanilla_local_noise_adding_eps6
24,2.3029864444732664,10.09,5.307366088732298,ndag-m-lab-linux-x86_64-7fa78ccc/20261009T175727716857Z_Vanilla_local_noise_adding_eps6
25,2.3029864444732664,10.09,5.4273629076770185,ndag-m-lab-linux-x86_64-7fa78ccc/20261009T175727716857Z_Vanilla_local_noise_adding_eps6
26,2.3029864444732664,10.09,5.5453967686112415,ndag-m-lab-linux-x86_64-7fa78ccc/20261009T175727716857Z_Vanilla_local_noise_adding_eps6
27,2.3029864444732664,10.09,5.66157989300455,ndag-m-lab-linux-x86_64-7fa78ccc/20261009T175727716857Z_Vanilla_local_noise_adding_eps6
28,2.3029864444732664,10.09,5.776014200407145,ndag-m-lab-linux-x86_64-7fa78ccc/20261009T175727716857Z_Vanilla_local_noise_adding_eps6
29,2.3029864444732664,10.09,5.8887925857559,ndag-m-lab-linux-x86_64-7fa78ccc/20261009T175727716857Z_Vanilla_local_noise_adding_eps6
30,2.3029864444732664,10.09,6.000000000000007,ndag-m-lab-linux-x86_64-7fa78ccc/20261009T175727716857Z_Vanilla_local_noise_adding_eps6
0,2.3029864444732664,10.09,inf,ndag-m-lab-linux-x86_64-7fa78ccc/20261009T183641693213Z_No_DP
0,2.3029864444732664,10.09,0.0,ndag-m-lab-linux-x86_64-7fa78ccc/20261009T184343833086Z_LightDP_eps6
1,2.2993052909851075,11.69,1.0018849953181306,ndag-m-lab-linux-x86_64-7fa78ccc/20261009T184343833086Z_LightDP_eps6
2,2.2924268692016603,34.32,1.429120466907017,ndag-m-lab-linux-x86_64-7fa78ccc/20261009T184343833086Z_LightDP_eps6
3,2.2826939617156983,52.61,1.7618119183422736,ndag-m-lab-linux-x86_64-7fa78ccc/20261009T184343833086Z_LightDP_eps6
4,2.270473448944092,58.79,2.045563783744898,ndag-m-lab-linux-x86_64-7fa78ccc/20261009T184343833086Z_LightDP_eps6
5,2.256172402191162,60.06,2.298040556725753,ndag-m-lab-linux-x86_64-7fa78ccc/20261009T184343833086Z_LightDP_eps6
6,2.2402936275482177,61.65,2.5283016650402392,ndag-m-lab-linux-x86_64-7fa78ccc/20261009T184343833086Z_LightDP_eps6
7,2.223126406478882,64.03,2.7417288243233444,ndag-m-lab-linux-x86_64-7fa78ccc/20261009T184343833086Z_LightDP_eps6
8,2.204970131683349,66.29,2.9418285200313075,ndag-m-lab-linux-x86_64-7fa78ccc/20261009T184343833086Z_LightDP_eps6
9,2.186016273880005,67.96,3.131036365280302,ndag-m-lab-linux-x86_64-7fa78ccc/20261009T184343833086Z_LightDP_eps6
10,2.166473299407959,68.98,3.311125715155039,ndag-m-lab-linux-x86_64-7fa78ccc/20261009T184343833086Z_LightDP_eps6
11,2.146350185012817,69.67,3.4834353095011723,ndag-m-lab-linux-x86_64-7fa78ccc/20261009T184343833086Z_LightDP_eps6
12,2.1255767082214354,70.04,3.649005216010457,ndag-m-lab-linux-x86_64-7fa78ccc/20261009T184343833086Z_LightDP_eps6
13,2.1036240814208984,69.97,3.8086625459189953,ndag-m-lab-linux-x86_64-7fa78ccc/20261009T184343833086Z_LightDP_eps6
14,2.079815196228027,69.36,3.963077917837399,ndag-m-lab-linux-x86_64-7fa78ccc/20261009T184343833086Z_LightDP_eps6
15,2.05370048828125,67.36,4.112804017654696,ndag-m-lab-linux-x86_64-7fa78ccc/20261009T184343833086Z_LightDP_eps6
16,2.02620672454834,64.35,4.258302739924342,ndag-m-lab-linux-x86_64-7fa78ccc/20261009T184343833086Z_LightDP_eps6
17,2.000509889984131,60.09,4.39996479010046,ndag-m-lab-linux-x86_64-7fa78ccc/20261009T184343833086Z_LightDP_eps6
18,1.979430004310608,57.12,4.538124159372872,ndag-m-lab-linux-x86_64-7fa78ccc/20261009T184343833086Z_LightDP_eps6
19,1.9617797393798828,55.73,4.673069021859604,ndag-m-lab-linux-x86_64-7fa78ccc/20261009T184343833086Z_LightDP_eps6
20,1.945573286819458,54.93,4.8050500789946895,ndag-m-lab-linux-x86_64-7fa78ccc/20261009T184343833086Z_LightDP_eps6
21,1.9304304512023929,53.97,4.934287046076669,ndag-m-lab-linux-x86_64-7fa78ccc/20261009T184343833086Z_LightDP_eps6
22,1.9163578142166136,53.27,5.060973762836011,ndag-m-lab-linux-x86_64-7fa78ccc/20261009T184343833086Z_LightDP_eps6
23,1.9033510093688968,52.58,5.185282268795423,ndag-m-lab-linux-x86_64-7fa78ccc/20261009T184343833086Z_LightDP_eps6
24,1.891395223236084,52.12,5.307366088732298,ndag-m-lab-linux-x86_64-7fa78ccc/20261009T184343833086Z_LightDP_eps6
25,1.8804101400375368,51.83,5.4273629076770185,ndag-m-lab-linux-x86_64-7fa78ccc/20261009T184343833086Z_LightDP_eps6
26,1.87028606300354,51.68,5.5453967686112415,ndag-m-lab-linux-x86_64-7fa78ccc/20261009T184343833086Z_LightDP_eps6
27,1.860830404853821,51.47,5.66157989300455,ndag-m-lab-linux-x86_64-7fa78ccc/20261009T184343833086Z_LightDP_eps6
28,1.8519389110565183,51.5,5.776014200407145,ndag-m-lab-linux-x86_64-7fa78ccc/20261009T184343833086Z_LightDP_eps6
29,1.8435226667404172,51.62,5.8887925857559,ndag-m-lab-linux-x86_64-7fa78ccc/20261009T184343833086Z_LightDP_eps6
30,1.8354072456359865,51.62,6.000000000000007,ndag-m-lab-linux-x86_64-7fa78ccc/20261009T184343833086Z_LightDP_eps6
0,2.3029864444732664,10.09,inf,ndag-m-lab-linux-x86_64-7fa78ccc/20261009T184343833086Z_No_DP
1,2.299330959320068,11.15,inf,ndag-m-lab-linux-x86_64-7fa78ccc/20261009T184343833086Z_No_DP
2,2.292428355407715,32.45,inf,ndag-m-lab-linux-x86_64-7fa78ccc/20261009T184343833086Z_No_DP
3,2.2827098976135254,57.02,inf,ndag-m-lab-linux-x86_64-7fa78ccc/20261009T184343833086Z_No_DP
4,2.270594687652588,62.43,inf,ndag-m-lab-linux-x86_64-7fa78ccc/20261009T184343833086Z_No_DP
5,2.256475201034546,63.87,inf,ndag-m-lab-linux-x86_64-7fa78ccc/20261009T184343833086Z_No_DP
6,2.240721169281006,65.21,inf,ndag-m-lab-linux-x86_64-7fa78ccc/20261009T184343833086Z_No_DP
7,2.2236761032104493,66.19,inf,ndag-m-lab-linux-x86_64-7fa78ccc/20261009T184343833086Z_No_DP
8,2.205639158630371,67.61,inf,ndag-m-lab-linux-x86_64-7fa78ccc/20261009T184343833086Z_No_DP
9,2.186860408782959,69.16,inf,ndag-m-lab-linux-x86_64-7fa78ccc/20261009T184343833086Z_No_DP
10,2.1675185646057127,70.38,inf,ndag-m-lab-linux-x86_64-7fa78ccc/20261009T184343833086Z_No_DP
11,2.147662540435791,71.01,inf,ndag-m-lab-linux-x86_64-7fa78ccc/20261009T184343833086Z_No_DP
12,2.12715570602417,71.31,inf,ndag-m-lab-linux-x86_64-7fa78ccc/20261009T184343833086Z_No_DP
13,2.105549369430542,71.27,inf,ndag-m-lab-linux-x86_64-7fa78ccc/20261009T184343833086Z_No_DP
14,2.0820422454833984,70.56,inf,ndag-m-lab-linux-x86_64-7fa78ccc/20261009T184343833086Z_No_DP
15,2.0557868267059325,68.92,inf,ndag-m-lab-linux-x86_64-7fa78ccc/20261009T184343833086Z_No_DP
16,2.0274505729675294,65.59,inf,ndag-m-lab-linux-x86_64-7fa78ccc/20261009T184343833086Z_No_DP
17,2.001396513366699,61.45,inf,ndag-m-lab-linux-x86_64-7fa78ccc/20261009T184343833086Z_No_DP
18,1.9815926458358764,59.1,inf,ndag-m-lab-linux-x86_64-7fa78ccc/20261009T184343833086Z_No_DP
19,1.9646010192871093,58.64,inf,ndag-m-lab-linux-x86_64-7fa78ccc/20261009T184343833086Z_No_DP
20,1.948311211395264,57.85,inf,ndag-m-lab-linux-x86_64-7fa78ccc/20261009T184343833086Z_No_DP
21,1.932694923210144,57.04,inf,ndag-m-lab-linux-x86_64-7fa78ccc/20261009T184343833086Z_No_DP
22,1.9179790353775024,56.25,inf,ndag-m-lab-linux-x86_64-7fa78ccc/20261009T184343833086Z_No_DP
23,1.90432124004364,55.31,inf,ndag-m-lab-linux-x86_64-7fa78ccc/20261009T184343833086Z_No_DP
24,1.8918085914611815,54.6,inf,ndag-m-lab-linux-x86_64-7fa78ccc/20261009T184343833086Z_No_DP
25,1.8804136024475095,54.14,inf,ndag-m-lab-linux-x86_64-7fa78ccc/20261009T184343833086Z_No_DP
26,1.870047456932068,53.7,inf,ndag-m-lab-linux-x86_64-7fa78ccc/20261009T184343833086Z_No_DP
27,1.8605263072967528,53.41,inf,ndag-m-lab-linux-x86_64-7fa78ccc/20261009T184343833086Z_No_DP
28,1.8517016674041749,53.13,inf,ndag-m-lab-linux-x86_64-7fa78ccc/20261009T184343833086Z_No_DP
29,1.843395601844788,53.09,inf,ndag-m-lab-linux-x86_64-7fa78ccc/20261009T184343833086Z_No_DP
30,1.83542949295044,53.17,inf,ndag-m-lab-linux-x86_64-7fa78ccc/20261009T184343833086Z_No_DP
0,2.3029864444732664,10.09,0.0,ndag-m-lab-linux-x86_64-7fa78ccc/20261009T184343833086Z_SMPC_DP_eps6
1,2.2993521377563475,11.2,1.0018849953181306,ndag-m-lab-linux-x86_64-7fa78ccc/20261009T184343833086Z_SMPC_DP_eps6
2,2.292475374603272,32.29,1.429120466907017,ndag-m-lab-linux-x86_64-7fa78ccc/20261009T184343833086Z_SMPC_DP_eps6
3,2.2827952583312987,57.05,1.7618119183422736,ndag-m-lab-linux-x86_64-7fa78ccc/20261009T184343833086Z_SMPC_DP_eps6
4,2.2707411575317384,63.38,2.045563783744898,ndag-m-lab-linux-x86_64-7fa78ccc/20261009T184343833086Z_SMPC_DP_eps6
5,2.256655634307861,65.17,2.298040556725753,ndag-m-lab-linux-x86_64-7fa78ccc/20261009T184343833086Z_SMPC_DP_eps6
6,2.240912819671631,66.19,2.5283016650402392,ndag-m-lab-linux-x86_64-7fa78ccc/20261009T184343833086Z_SMPC_DP_eps6
7,2.2238797729492186,67.06,2.7417288243233444,ndag-m-lab-linux-x86_64-7fa78ccc/20261009T184343833086Z_SMPC_DP_eps6
8,2.2059117996215822,68.01,2.9418285200313075,ndag-m-lab-linux-x86_64-7fa78ccc/20261009T184343833086Z_SMPC_DP_eps6
9,2.1872058380126957,69.3,3.131036365280302,ndag-m-lab-linux-x86_64-7fa78ccc/20261009T184343833086Z_SMPC_DP_eps6
10,2.1679655334472656,70.56,3.311125715155039,ndag-m-lab-linux-x86_64-7fa78ccc/20261009T184343833086Z_SMPC_DP_eps6
11,2.1482675441741943,71.07,3.4834353095011723,ndag-m-lab-linux-x86_64-7fa78ccc/20261009T184343833086Z_SMPC_DP_eps6
12,2.1280488723754885,71.49,3.649005216010457,ndag-m-lab-linux-x86_64-7fa78ccc/20261009T184343833086Z_SMPC_DP_eps6
13,2.1069233963012697,71.6,3.8086625459189953,ndag-m-lab-linux-x86_64-7fa78ccc/20261009T184343833086Z_SMPC_DP_eps6
14,2.084217691040039,71.02,3.963077917837399,ndag-m-lab-linux-x86_64-7fa78ccc/20261009T184343833086Z_SMPC_DP_eps6
15,2.0591124313354494,69.82,4.112804017654696,ndag-m-lab-linux-x86_64-7fa78ccc/20261009T184343833086Z_SMPC_DP_eps6
16,2.031647788238525,67.28,4.258302739924342,ndag-m-lab-linux-x86_64-7fa78ccc/20261009T184343833086Z_SMPC_DP_eps6
17,2.004855251312256,63.33,4.39996479010046,ndag-m-lab-linux-x86_64-7fa78ccc/20261009T184343833086Z_SMPC_DP_eps6
18,1.9834458242416384,60.66,4.538124159372872,ndag-m-lab-linux-x86_64-7fa78ccc/20261009T184343833086Z_SMPC_DP_eps6
19,1.9661932529449464,59.65,4.673069021859604,ndag-m-lab-linux-x86_64-7fa78ccc/20261009T184343833086Z_SMPC_DP_eps6
20,1.9500453748703004,58.97,4.8050500789946895,ndag-m-lab-linux-x86_64-7fa78ccc/20261009T184343833086Z_SMPC_DP_eps6
21,1.9345856029510495,58.11,4.934287046076669,ndag-m-lab-linux-x86_64-7fa78ccc/20261009T184343833086Z_SMPC_DP_eps6
22,1.9199382286071776,57.19,5.060973762836011,ndag-m-lab-linux-x86_64-7fa78ccc/20261009T184343833086Z_SMPC_DP_eps6
23,1.906270232009888,56.39,5.185282268795423,ndag-m-lab-linux-x86_64-7fa78ccc/20261009T184343833086Z_SMPC_DP_eps6
24,1.893671709060669,55.47,5.307366088732298,ndag-m-lab-linux-x86_64-7fa78ccc/20261009T184343833086Z_SMPC_DP_eps6
25,1.882137955093384,54.78,5.4273629076770185,ndag-m-lab-linux-x86_64-7fa78ccc/20261009T184343833086Z_SMPC_DP_eps6
26,1.871640631103516,54.2,5.5453967686112415,ndag-m-lab-linux-x86_64-7fa78ccc/20261009T184343833086Z_SMPC_DP_eps6
27,1.8619918140411376,53.83,5.66157989300455,ndag-m-lab-linux-x86_64-7fa78ccc/20261009T184343833086Z_SMPC_DP_eps6
28,1.8530583446502689,53.58,5.776014200407145,ndag-m-lab-linux-x86_64-7fa78ccc/20261009T184343833086Z_SMPC_DP_eps6
29,1.844648783874512,53.32,5.8887925857559,ndag-m-lab-linux-x86_64-7fa78ccc/20261009T184343833086Z_SMPC_DP_eps6
30,1.8365957958221435,53.26,6.000000000000007,ndag-m-lab-linux-x86_64-7fa78ccc/20261009T184343833086Z_SMPC_DP_eps6
0,2.3029864444732664,10.09,0.0,ndag-m-lab-linux-x86_64-7fa78ccc/20261009T184343833086Z_Vanilla_local_noise_adding_eps6
1,2.2994094970703123,10.79,1.0018849953181306,ndag-m-lab-linux-x86_64-7fa78ccc/20261009T184343833086Z_Vanilla_local_noise_adding_eps6
2,2.292570597076416,29.05,1.429120466907017,ndag-m-lab-linux-x86_64-7fa78ccc/20261009T184343833086Z_Vanilla_local_noise_adding_eps6
3,2.2829537628173826,49.51,1.7618119183422736,ndag-m-lab-linux-x86_64-7fa78ccc/20261009T184343833086Z_Vanilla_local_noise_adding_eps6
4,2.270979515457153,53.44,2.045563783744898,ndag-m-lab-linux-x86_64-7fa78ccc/20261009T184343833086Z_Vanilla_local_noise_adding_eps6
5,2.256963703536987,58.31,2.298040556725753,ndag-m-lab-linux-x86_64-7fa78ccc/20261009T184343833086Z_Vanilla_local_noise_adding_eps6
6,2.2412652450561525,62.25,2.5283016650402392,ndag-m-lab-linux-x86_64-7fa78ccc/20261009T184343833086Z_Vanilla_local_noise_adding_eps6
7,2.224435636138916,62.71,2.7417288243233444,ndag-m-lab-linux-x86_64-7fa78ccc/20261009T184343833086Z_Vanilla_local_noise_adding_eps6
8,2.206420962524414,63.77,2.9418285200313075,ndag-m-lab-linux-x86_64-7fa78ccc/20261009T184343833086Z_Vanilla_local_noise_adding_eps6
9,2.187569953155517,64.91,3.131036365280302,ndag-m-lab-linux-x86_64-7fa78ccc/20261009T184343833086Z_Vanilla_local_noise_adding_eps6
10,2.1680659839630128,66.11,3.311125715155039,ndag-m-lab-linux-x86_64-7fa78ccc/20261009T184343833086Z_Vanilla_local_noise_adding_eps6
11,2.147760146331787,67.03,3.4834353095011723,ndag-m-lab-linux-x86_64-7fa78ccc/20261009T184343833086Z_Vanilla_local_noise_adding_eps6
12,2.1264599155426027,67.98,3.649005216010457,ndag-m-lab-linux-x86_64-7fa78ccc/20261009T184343833086Z_Vanilla_local_noise_adding_eps6
13,2.1035440826416014,67.54,3.8086625459189953,ndag-m-lab-linux-x86_64-7fa78ccc/20261009T184343833086Z_Vanilla_local_noise_adding_eps6
14,2.0782744983673096,66.17,3.963077917837399,ndag-m-lab-linux-x86_64-7fa78ccc/20261009T184343833086Z_Vanilla_local_noise_adding_eps6
15,2.05079494972229,63.81,4.112804017654696,ndag-m-lab-linux-x86_64-7fa78ccc/20261009T184343833086Z_Vanilla_local_noise_adding_eps6
16,2.023936171722412,60.28,4.258302739924342,ndag-m-lab-linux-x86_64-7fa78ccc/20261009T184343833086Z_Vanilla_local_noise_adding_eps6
17,2.0006524353027344,56.77,4.39996479010046,ndag-m-lab-linux-x86_64-7fa78ccc/20261009T184343833086Z_Vanilla_local_noise_adding_eps6
18,1.9810676342010496,54.79,4.538124159372872,ndag-m-lab-linux-x86_64-7fa78ccc/20261009T184343833086Z_Vanilla_local_noise_adding_eps6
19,1.9632625535964965,53.86,4.673069021859604,ndag-m-lab-linux-x86_64-7fa78ccc/20261009T184343833086Z_Vanilla_local_noise_adding_eps6
20,1.9464138233184811,53.32,4.8050500789946895,ndag-m-lab-linux-x86_64-7fa78ccc/20261009T184343833086Z_Vanilla_local_noise_adding_eps6
21,1.930659691619873,52.84,4.934287046076669,ndag-m-lab-linux-x86_64-7fa78ccc/20261009T184343833086Z_Vanilla_local_noise_adding_eps6
22,1.9161300945281985,52.46,5.060973762836011,ndag-m-lab-linux-x86_64-7fa78ccc/20261009T184343833086Z_Vanilla_local_noise_adding_eps6
23,1.9027919494628909,52.14,5.185282268795423,ndag-m-lab-linux-x86_64-7fa78ccc/20261009T184343833086Z_Vanilla_local_noise_adding_eps6
24,1.8906097038269043,51.84,5.307366088732298,ndag-m-lab-linux-x86_64-7fa78ccc/20261009T184343833086Z_Vanilla_local_noise_adding_eps6
25,1.879482566833496,51.32,5.4273629076770185,ndag-m-lab-linux-x86_64-7fa78ccc/20261009T184343833086Z_Vanilla_local_noise_adding_eps6
26,1.8692501827239991,51.1,5.5453967686112415,ndag-m-lab-linux-x86_64-7fa78ccc/20261009T184343833086Z_Vanilla_local_noise_adding_eps6
27,1.8598033491134645,50.77,5.66157989300455,ndag-m-lab-linux-x86_64-7fa78ccc/20261009T184343833086Z_Vanilla_local_noise_adding_eps6
28,1.8509928337097168,50.71,5.776014200407145,ndag-m-lab-linux-x86_64-7fa78ccc/20261009T184343833086Z_Vanilla_local_noise_adding_eps6
29,1.8427242391586305,51.13,5.8887925857559,ndag-m-lab-linux-x86_64-7fa78ccc/20261009T184343833086Z_Vanilla_local_noise_adding_eps6
30,1.8348409435272215,51.25,6.000000000000007,ndag-m-lab-linux-x86_64-7fa78ccc/20261009T184343833086Z_Vanilla_local_noise_adding_eps6
0,2.3029869602203368,10.09,0.0,smoke_lightdp
1,2.299502117538452,14.49,4.112804017654696,smoke_lightdp
2,2.295837331008911,14.38,6.000000000000007,smoke_lightdp
0,2.302986755371094,10.09,inf,x-windows-amd64-ce3f7237/20261008T235810Z_No_DP
