round,val_loss,val_accuracy,epsilon
0,2.3031845092773438,10.05999967455864,inf
1,1.8653632402420044,45.09999752044678,inf
2,1.6339753866195679,54.75999712944031,inf
3,1.4640636444091797,60.78000068664551,inf
4,1.3287949562072754,64.03999924659729,inf
5,1.2189520597457886,67.17999577522278,inf
6,1.1332554817199707,69.05999779701233,inf
7,1.0621644258499146,70.99999785423279,inf
8,1.0025463104248047,72.57999777793884,inf
9,0.9522392153739929,74.43999648094177,inf
10,0.9106150269508362,74.91999864578247,inf
11,0.8742292523384094,75.77999830245972,inf
12,0.842623233795166,76.85999870300293,inf
13,0.8173835873603821,77.34000086784363,inf
14,0.7924613356590271,77.87999510765076,inf
15,0.7712090611457825,78.45999598503113,inf
16,0.7528054118156433,78.70000004768372,inf
17,0.7324173450469971,79.3999969959259,inf
18,0.7177510857582092,79.53999638557434,inf
19,0.7005664706230164,79.79999780654907,inf
20,0.6876842379570007,80.39999604225159,inf
21,0.6739600300788879,80.29999732971191,inf
22,0.6629559993743896,80.87999820709229,inf
23,0.649398684501648,80.89999556541443,inf
24,0.6408212184906006,81.2999963760376,inf
25,0.6303249597549438,81.33999705314636,inf
26,0.6211642622947693,81.41999840736389,inf
27,0.6124354600906372,81.73999786376953,inf
28,0.6055054664611816,81.97999596595764,inf
29,0.5963599681854248,82.15999603271484,inf
30,0.5877764821052551,82.19999670982361,inf
