run,method,round,accuracy,epsilon,training_seconds,N,Cmax,Smax,clip,lr
No DP,No DP,1,11.15,inf,28.303243728000098,50,10,10,1.0,1.0
No DP,No DP,2,31.24,inf,42.03099692500018,50,10,10,1.0,1.0
No DP,No DP,3,55.5,inf,55.66075661300033,50,10,10,1.0,1.0
No DP,No DP,4,61.33,inf,68.98778019800034,50,10,10,1.0,1.0
No DP,No DP,5,63.49,inf,82.1710772700003,50,10,10,1.0,1.0
No DP,No DP,6,64.32,inf,95.31738560200029,50,10,10,1.0,1.0
No DP,No DP,7,65.0,inf,109.44044113200016,50,10,10,1.0,1.0
No DP,No DP,8,65.72,inf,123.2093101160001,50,10,10,1.0,1.0
Vanilla local noise adding_eps3,Vanilla local noise adding,1,11.22,1.0210099954833285,12.889230858000019,50,10,10,1.0,1.0
Vanilla local noise adding_eps3,Vanilla local noise adding,2,32.31,1.4566291970187255,26.269394048000095,50,10,10,1.0,1.0
Vanilla local noise adding_eps3,Vanilla local noise adding,3,48.09,1.7959371745203936,39.95525741000006,50,10,10,1.0,1.0
Vanilla local noise adding_eps3,Vanilla local noise adding,4,57.98,2.085390793947932,53.166175691000035,50,10,10,1.0,1.0
Vanilla local noise adding_eps3,Vanilla local noise adding,5,63.0,2.342984731208223,66.32814143300016,50,10,10,1.0,1.0
Vanilla local noise adding_eps3,Vanilla local noise adding,6,63.12,2.577947751639886,78.529435724,50,10,10,1.0,1.0
Vanilla local noise adding_eps3,Vanilla local noise adding,7,62.94,2.7957621651697147,92.44782518800002,50,10,10,1.0,1.0
Vanilla local noise adding_eps3,Vanilla local noise adding,8,63.33,3.000000000000001,105.96144034100007,50,10,10,1.0,1.0
SMPC+DP_eps3,SMPC+DP,1,11.15,1.0210099954833285,13.033177530999978,50,10,10,1.0,1.0
SMPC+DP_eps3,SMPC+DP,2,31.28,1.4566291970187255,26.371052859000088,50,10,10,1.0,1.0
SMPC+DP_eps3,SMPC+DP,3,55.74,1.7959371745203936,40.43794792699998,50,10,10,1.0,1.0
SMPC+DP_eps3,SMPC+DP,4,62.06,2.085390793947932,52.86330871000007,50,10,10,1.0,1.0
SMPC+DP_eps3,SMPC+DP,5,64.13,2.342984731208223,66.18235105500014,50,10,10,1.0,1.0
SMPC+DP_eps3,SMPC+DP,6,64.49,2.577947751639886,78.47693120300016,50,10,10,1.0,1.0
SMPC+DP_eps3,SMPC+DP,7,65.04,2.7957621651697147,92.23628373200006,50,10,10,1.0,1.0
SMPC+DP_eps3,SMPC+DP,8,65.48,3.000000000000001,105.44028796100008,50,10,10,1.0,1.0
LightDP_eps3,LightDP,1,11.93,1.0210099954833285,13.153996183999993,50,10,10,1.0,1.0
LightDP_eps3,LightDP,2,29.3,1.4566291970187255,26.856980895999982,50,10,10,1.0,1.0
LightDP_eps3,LightDP,3,54.64,1.7959371745203936,40.282008667000014,50,10,10,1.0,1.0
LightDP_eps3,LightDP,4,62.04,2.085390793947932,53.19701853999993,50,10,10,1.0,1.0
LightDP_eps3,LightDP,5,64.48,2.342984731208223,66.38682533500003,50,10,10,1.0,1.0
LightDP_eps3,LightDP,6,65.27,2.577947751639886,79.19585931200015,50,10,10,1.0,1.0
LightDP_eps3,LightDP,7,65.63,2.7957621651697147,92.89602092500024,50,10,10,1.0,1.0
LightDP_eps3,LightDP,8,66.11,3.000000000000001,106.76601393000044,50,10,10,1.0,1.0
Vanilla local noise adding_eps6,Vanilla local noise adding,1,11.15,1.9780386467486544,13.433247432999906,50,10,10,1.0,1.0
Vanilla local noise adding_eps6,Vanilla local noise adding,2,31.76,2.8432732758426162,27.446568098999933,50,10,10,1.0,1.0
Vanilla local noise adding_eps6,Vanilla local noise adding,3,53.39,3.5254241971673235,40.77749369999992,50,10,10,1.0,1.0
Vanilla local noise adding_eps6,Vanilla local noise adding,4,61.66,4.112804017654696,53.841127170999926,50,10,10,1.0,1.0
Vanilla local noise adding_eps6,Vanilla local noise adding,5,64.3,4.639619882091765,67.2446675069998,50,10,10,1.0,1.0
Vanilla local noise adding_eps6,Vanilla local noise adding,6,64.64,5.123415296889945,80.50546551599973,50,10,10,1.0,1.0
Vanilla local noise adding_eps6,Vanilla local noise adding,7,64.6,5.574611909563404,93.9435249239998,50,10,10,1.0,1.0
Vanilla local noise adding_eps6,Vanilla local noise adding,8,65.09,6.000000000000007,107.2527421289999,50,10,10,1.0,1.0
SMPC+DP_eps6,SMPC+DP,1,11.14,1.9780386467486544,13.23388043,50,10,10,1.0,1.0
SMPC+DP_eps6,SMPC+DP,2,31.1,2.8432732758426162,27.109848776000035,50,10,10,1.0,1.0
SMPC+DP_eps6,SMPC+DP,3,55.86,3.5254241971673235,40.57581819500001,50,10,10,1.0,1.0
SMPC+DP_eps6,SMPC+DP,4,61.95,4.112804017654696,54.13155964800012,50,10,10,1.0,1.0
SMPC+DP_eps6,SMPC+DP,5,64.01,4.639619882091765,67.22149104000005,50,10,10,1.0,1.0
SMPC+DP_eps6,SMPC+DP,6,64.57,5.123415296889945,80.45955730000014,50,10,10,1.0,1.0
SMPC+DP_eps6,SMPC+DP,7,65.01,5.574611909563404,93.72105141500015,50,10,10,1.0,1.0
SMPC+DP_eps6,SMPC+DP,8,65.72,6.000000000000007,107.18129186500005,50,10,10,1.0,1.0
LightDP_eps6,LightDP,1,11.54,1.9780386467486544,13.95298156900003,50,10,10,1.0,1.0
LightDP_eps6,LightDP,2,30.35,2.8432732758426162,27.46225043300001,50,10,10,1.0,1.0
LightDP_eps6,LightDP,3,55.44,3.5254241971673235,40.85149816300009,50,10,10,1.0,1.0
LightDP_eps6,LightDP,4,62.01,4.112804017654696,54.200458071000185,50,10,10,1.0,1.0
LightDP_eps6,LightDP,5,63.95,4.639619882091765,67.71644092300016,50,10,10,1.0,1.0
LightDP_eps6,LightDP,6,64.85,5.123415296889945,81.10928308200005,50,10,10,1.0,1.0
LightDP_eps6,LightDP,7,65.43,5.574611909563404,94.27065335799989,50,10,10,1.0,1.0
LightDP_eps6,LightDP,8,65.86,6.000000000000007,106.83681944399996,50,10,10,1.0,1.0
Vanilla local noise adding_eps9,Vanilla local noise adding,1,11.15,2.887007568816451,13.503630605999888,50,10,10,1.0,1.0
Vanilla local noise adding_eps9,Vanilla local noise adding,2,31.48,4.177347877275712,27.54901059100007,50,10,10,1.0,1.0
Vanilla local noise adding_eps9,Vanilla local noise adding,3,54.74,5.20499704024822,40.732454554000014,50,10,10,1.0,1.0
Vanilla local noise adding_eps9,Vanilla local noise adding,4,62.13,6.096667260357193,53.96737595800005,50,10,10,1.0,1.0
Vanilla local noise adding_eps9,Vanilla local noise adding,5,64.29,6.901439442492654,67.11326180700007,50,10,10,1.0,1.0
Vanilla local noise adding_eps9,Vanilla local noise adding,6,64.7,7.6444852627759845,80.61015881899993,50,10,10,1.0,1.0
Vanilla local noise adding_eps9,Vanilla local noise adding,7,65.06,8.340757851426755,94.00073352999993,50,10,10,1.0,1.0
Vanilla local noise adding_eps9,Vanilla local noise adding,8,65.44,9.000000000000005,107.43450247500004,50,10,10,1.0,1.0
SMPC+DP_eps9,SMPC+DP,1,11.15,2.887007568816451,14.076106970999945,50,10,10,1.0,1.0
SMPC+DP_eps9,SMPC+DP,2,31.17,4.177347877275712,27.629029458999867,50,10,10,1.0,1.0
SMPC+DP_eps9,SMPC+DP,3,55.72,5.20499704024822,41.206189993999715,50,10,10,1.0,1.0
SMPC+DP_eps9,SMPC+DP,4,61.76,6.096667260357193,54.48367230699955,50,10,10,1.0,1.0
SMPC+DP_eps9,SMPC+DP,5,63.79,6.901439442492654,67.71901385399951,50,10,10,1.0,1.0
SMPC+DP_eps9,SMPC+DP,6,64.59,7.6444852627759845,81.14749567299941,50,10,10,1.0,1.0
SMPC+DP_eps9,SMPC+DP,7,65.04,8.340757851426755,94.44321632199944,50,10,10,1.0,1.0
SMPC+DP_eps9,SMPC+DP,8,65.72,9.000000000000005,107.59489612799939,50,10,10,1.0,1.0
LightDP_eps9,LightDP,1,11.35,2.887007568816451,13.235920848999967,50,10,10,1.0,1.0
LightDP_eps9,LightDP,2,30.62,4.177347877275712,27.125301188000094,50,10,10,1.0,1.0
LightDP_eps9,LightDP,3,55.63,5.20499704024822,40.581852285000195,50,10,10,1.0,1.0
LightDP_eps9,LightDP,4,62.04,6.096667260357193,54.16250080200007,50,10,10,1.0,1.0
LightDP_eps9,LightDP,5,63.69,6.901439442492654,67.25950566699998,50,10,10,1.0,1.0
LightDP_eps9,LightDP,6,65.01,7.6444852627759845,80.96760372299991,50,10,10,1.0,1.0
LightDP_eps9,LightDP,7,65.42,8.340757851426755,94.19876233799982,50,10,10,1.0,1.0
LightDP_eps9,LightDP,8,65.89,9.000000000000005,107.13166063699987,50,10,10,1.0,1.0
Sweep_Reference,LightDP,1,11.31,3.311125715155039,13.33665110200036,50,10,10,1.0,1.0
Sweep_Reference,LightDP,2,24.46,4.8050500789946895,26.720436262000476,50,10,10,1.0,1.0
Sweep_Reference,LightDP,3,42.65,6.000000000000007,40.685154482000144,50,10,10,1.0,1.0
Sweep_epsilon_3,LightDP,1,11.63,1.689717965772407,13.636204144000203,50,10,10,1.0,1.0
Sweep_epsilon_3,LightDP,2,24.39,2.423496768014708,27.019517846000326,50,10,10,1.0,1.0
Sweep_epsilon_3,LightDP,3,42.18,3.000000000000001,39.54386349000015,50,10,10,1.0,1.0
Sweep_epsilon_9,LightDP,1,11.3,4.8812220933677954,13.366245876999983,50,10,10,1.0,1.0
Sweep_epsilon_9,LightDP,2,24.42,7.155097468813821,26.91855065799973,50,10,10,1.0,1.0
Sweep_epsilon_9,LightDP,3,42.84,9.000000000000005,39.20926748399961,50,10,10,1.0,1.0
Sweep_clients_25,LightDP,1,10.66,3.311125715155039,13.14063693099979,25,10,10,1.0,1.0
Sweep_clients_25,LightDP,2,18.22,4.8050500789946895,26.659273869000117,25,10,10,1.0,1.0
Sweep_clients_25,LightDP,3,34.83,6.000000000000007,39.38776401399991,25,10,10,1.0,1.0
Sweep_clients_100,LightDP,1,10.94,3.311125715155039,13.384592164999958,100,10,10,1.0,1.0
Sweep_clients_100,LightDP,2,19.74,4.8050500789946895,26.8007026639998,100,10,10,1.0,1.0
Sweep_clients_100,LightDP,3,38.04,6.000000000000007,39.88405737899984,100,10,10,1.0,1.0
Sweep_colluders_20,LightDP,1,11.35,3.311125715155039,13.286298093999903,50,20,10,1.0,1.0
Sweep_colluders_20,LightDP,2,24.47,4.8050500789946895,27.102874017999966,50,20,10,1.0,1.0
Sweep_colluders_20,LightDP,3,42.68,6.000000000000007,40.240788575999886,50,20,10,1.0,1.0
Sweep_stragglers_20,LightDP,1,10.78,3.311125715155039,13.14581589699992,50,10,20,1.0,1.0
Sweep_stragglers_20,LightDP,2,22.08,4.8050500789946895,26.63423864799961,50,10,20,1.0,1.0
Sweep_stragglers_20,LightDP,3,41.53,6.000000000000007,39.930495315999906,50,10,20,1.0,1.0
Sweep_clip_0.5,LightDP,1,10.42,3.311125715155039,13.353168136000022,50,10,10,0.5,1.0
Sweep_clip_0.5,LightDP,2,12.23,4.8050500789946895,26.7577969580002,50,10,10,0.5,1.0
Sweep_clip_0.5,LightDP,3,15.03,6.000000000000007,40.01585362600008,50,10,10,0.5,1.0
Sweep_lr_0.05,LightDP,1,10.1,3.311125715155039,13.256138237999949,50,10,10,1.0,0.05
Sweep_lr_0.05,LightDP,2,10.11,4.8050500789946895,26.606459316999917,50,10,10,1.0,0.05
Sweep_lr_0.05,LightDP,3,10.15,6.000000000000007,39.791530000999956,50,10,10,1.0,0.05
Sweep_nonIID,LightDP,1,16.91,3.311125715155039,14.058173144000193,50,10,10,1.0,1.0
Sweep_nonIID,LightDP,2,23.61,4.8050500789946895,26.74978325000029,50,10,10,1.0,1.0
Sweep_nonIID,LightDP,3,26.2,6.000000000000007,40.170837208000194,50,10,10,1.0,1.0
