image_id,method,mse,psnr,ssim
0,No DP,3.3507268140664515e-16,150.0,1.0
0,Vanilla local noise adding,0.16837239265441895,7.737291165225041,0.002752133
0,SMPC+DP,0.17735154926776886,7.511650133634273,0.0066664144
0,LightDP,0.15995009243488312,7.960155046017681,0.045089453
1,No DP,1.0239069791681543e-15,149.89739496747876,0.9999998
1,Vanilla local noise adding,0.32423433661460876,4.891409950007109,0.0151704075
1,SMPC+DP,0.3399653732776642,4.685653151937993,0.007997527
1,LightDP,0.3444038927555084,4.62931948412685,0.010243126
2,No DP,5.8687863596640355e-16,150.0,1.0
2,Vanilla local noise adding,0.25988641381263733,5.852164236941702,0.00266807
2,SMPC+DP,0.25078728795051575,6.006944810505013,0.011491857
2,LightDP,0.25566160678863525,5.923344859422075,0.002568687
