run,round,local_seconds,mask_seconds,wall_seconds,stragglers
No DP,1,28.234970010000097,0.06788926399997308,28.303243728000098,2
No DP,2,13.727014418999943,0.00046468000005006616,13.727753197000084,4
No DP,3,13.628949012000021,0.00047967099999368656,13.62975968800015,1
No DP,4,13.326061878000019,0.0005722559999412624,13.327023585000006,4
No DP,5,13.182522540000036,0.00047027100004015665,13.18329707199996,6
No DP,6,13.145481144000087,0.00051156099993932,13.14630833199999,4
No DP,7,14.121972077999999,0.0007957660000101896,14.123055529999874,6
No DP,8,13.768144737000057,0.00044062799997846014,13.768868983999937,3
Vanilla local noise adding_eps3,1,12.88605999899994,0.002831288000038512,12.889230858000019,2
Vanilla local noise adding_eps3,2,13.379167092999978,0.0006537350000144215,13.380163190000076,4
Vanilla local noise adding_eps3,3,13.684602968999798,0.0009420720000434812,13.685863361999964,1
Vanilla local noise adding_eps3,4,13.209956822999857,0.0006050599999980477,13.210918280999977,4
Vanilla local noise adding_eps3,5,13.161020672999939,0.0006354280001232837,13.16196574200012,6
Vanilla local noise adding_eps3,6,12.200340930000038,0.0006750140000804095,12.20129429099984,4
Vanilla local noise adding_eps3,7,13.91746640700012,0.0006228460001693747,13.918389464000029,6
Vanilla local noise adding_eps3,8,13.51267163600005,0.0006389730001501448,13.513615153000046,3
SMPC+DP_eps3,1,13.032182819000013,0.0006796429998985332,13.033177530999978,2
SMPC+DP_eps3,2,13.336717586000077,0.0008679899999606278,13.33787532800011,4
SMPC+DP_eps3,3,14.06578050600001,0.0008239720000347006,14.066895067999894,1
SMPC+DP_eps3,4,12.424358084999994,0.0006692340000427066,12.425360783000087,4
SMPC+DP_eps3,5,13.31812667500003,0.0006136529998457263,13.31904234500007,6
SMPC+DP_eps3,6,12.293659180000077,0.0006143189998510934,12.294580148000023,4
SMPC+DP_eps3,7,13.75836794099996,0.0006727830000272661,13.759352528999898,6
SMPC+DP_eps3,8,13.203102360999992,0.000633171999879778,13.20400422900002,3
LightDP_eps3,1,13.152595587000064,0.0011111809999420075,13.153996183999993,2
LightDP_eps3,2,13.700846905999924,0.0013850880000063626,13.702984711999989,4
LightDP_eps3,3,13.421444837999843,0.0031782129999555764,13.425027771000032,1
LightDP_eps3,4,12.912712660999887,0.0019962740000210033,12.915009872999917,4
LightDP_eps3,5,13.188637118000088,0.0008716190000086499,13.189806795000095,6
LightDP_eps3,6,12.807852438000054,0.0008739059999243182,12.809033977000126,4
LightDP_eps3,7,13.698987496999962,0.0008581489998960024,13.700161613000091,6
LightDP_eps3,8,13.868701279000106,0.0009290180000789405,13.869993005000197,3
Vanilla local noise adding_eps6,1,13.432248097999945,0.0006562579999354057,13.433247432999906,2
Vanilla local noise adding_eps6,2,14.01239821199988,0.0006024179999712942,14.013320666000027,4
Vanilla local noise adding_eps6,3,13.329914333000033,0.0006866699998226977,13.33092560099999,1
Vanilla local noise adding_eps6,4,13.062727053000117,0.0006202920001214807,13.063633471000003,4
Vanilla local noise adding_eps6,5,13.402319009999928,0.0008962880001490703,13.403540335999878,6
Vanilla local noise adding_eps6,6,13.25952430999996,0.0009270749999359396,13.260798008999927,4
Vanilla local noise adding_eps6,7,13.437146846000132,0.0006320800000594318,13.438059408000072,6
Vanilla local noise adding_eps6,8,13.308104400000047,0.000785141000051226,13.309217205000095,3
SMPC+DP_eps6,1,13.232975994000071,0.0006262409999635565,13.23388043,2
SMPC+DP_eps6,2,13.875013373999991,0.000648339000008491,13.875968346000036,4
SMPC+DP_eps6,3,13.465039545000081,0.0006174400000418245,13.465969418999975,1
SMPC+DP_eps6,4,13.554804004000061,0.0006486969998604764,13.55574145300011,4
SMPC+DP_eps6,5,13.089054123000096,0.0006159220001791255,13.089931391999926,6
SMPC+DP_eps6,6,13.236830885000018,0.0009398370000326395,13.238066260000096,4
SMPC+DP_eps6,7,13.260534921000044,0.0006620429999202315,13.261494115000005,6
SMPC+DP_eps6,8,13.459113359999947,0.000843823999957749,13.460240449999901,3
LightDP_eps6,1,13.951828260999946,0.0008564040001601825,13.95298156900003,2
LightDP_eps6,2,13.507853982999904,0.0011058439999942493,13.509268863999978,4
LightDP_eps6,3,13.388001457999962,0.0008522749999428925,13.38924773000008,1
LightDP_eps6,4,13.347817605000046,0.0008600769999702607,13.348959908000097,4
LightDP_eps6,5,13.514849746999971,0.000856405999911658,13.51598285199998,6
LightDP_eps6,6,13.391638494000063,0.0009057319998646562,13.392842158999883,4
LightDP_eps6,7,13.159300140999903,0.0017807480001010845,13.161370275999843,6
LightDP_eps6,8,12.562843776000136,0.002990993999901548,12.566166086000067,3
Vanilla local noise adding_eps9,1,13.502737834999834,0.0006209220000528148,13.503630605999888,2
Vanilla local noise adding_eps9,2,14.044412173000183,0.00066797299996324,14.045379985000181,4
Vanilla local noise adding_eps9,3,13.182473106000089,0.0006976320000831038,13.183443962999945,1
Vanilla local noise adding_eps9,4,13.234027819999937,0.0006122009999671718,13.234921404000033,4
Vanilla local noise adding_eps9,5,13.144961346999935,0.0006441070001983462,13.145885849000024,6
Vanilla local noise adding_eps9,6,13.495979692999981,0.0006322670001281949,13.496897011999863,4
Vanilla local noise adding_eps9,7,13.389656361999869,0.0006208750000951113,13.390574711,6
Vanilla local noise adding_eps9,8,13.43273239400014,0.000701314000025377,13.43376894500011,3
SMPC+DP_eps9,1,14.075070844000038,0.0006630329999097739,14.076106970999945,2
SMPC+DP_eps9,2,13.552018529999941,0.0005954079999810347,13.552922487999922,4
SMPC+DP_eps9,3,13.576147684000034,0.000645455000039874,13.577160534999848,1
SMPC+DP_eps9,4,13.276576245999877,0.0006098489998294099,13.277482312999837,4
SMPC+DP_eps9,5,13.234421158000032,0.0006095500000355969,13.235341546999962,6
SMPC+DP_eps9,6,13.427547801999935,0.000633645000107208,13.428481818999899,4
SMPC+DP_eps9,7,13.294708793999916,0.0006889070000397624,13.295720649000032,6
SMPC+DP_eps9,8,13.150784899999962,0.0006158209998829989,13.151679805999947,3
LightDP_eps9,1,13.234695741999985,0.0009403549997841765,13.235920848999967,2
LightDP_eps9,2,13.888132712000015,0.0009444400000120368,13.889380339000127,4
LightDP_eps9,3,13.455397935000065,0.0008683669998390542,13.456551097000101,1
LightDP_eps9,4,13.579390310999997,0.0008955589999004587,13.580648516999872,4
LightDP_eps9,5,13.095763566999949,0.000917719999961264,13.097004864999917,6
LightDP_eps9,6,13.706610887999886,0.0011596029999054736,13.708098055999926,4
LightDP_eps9,7,13.230000005999955,0.000877215999935288,13.231158614999913,6
LightDP_eps9,8,12.931752294000034,0.0008665669997753866,12.932898299000044,3
Sweep_Reference,1,13.335482210999999,0.0008639060001769394,13.33665110200036,2
Sweep_Reference,2,13.382621192999977,0.0008580789999541594,13.383785160000116,4
Sweep_Reference,3,13.96339881599988,0.0010031029996753205,13.964718219999668,1
Sweep_epsilon_3,1,13.635080111000207,0.0008429660001638695,13.636204144000203,2
Sweep_epsilon_3,2,13.382112506999874,0.0009215150003001327,13.383313702000123,4
Sweep_epsilon_3,3,12.522931720999622,0.0011348500001986395,12.524345643999823,1
Sweep_epsilon_9,1,13.365061893000075,0.0009138790001088637,13.366245876999983,2
Sweep_epsilon_9,2,13.551128413999777,0.0008579969999118475,13.552304780999748,4
Sweep_epsilon_9,3,12.288250401999903,0.0021567579997281427,12.29071682599988,1
Sweep_clients_25,1,13.139351946999795,0.000959453999712423,13.14063693099979,2
Sweep_clients_25,2,13.517697023999972,0.0006460119998337177,13.518636938000327,4
Sweep_clients_25,3,12.727514890999828,0.0006430179996641527,12.728490144999796,1
Sweep_clients_100,1,13.382467844000075,0.0018270619998475013,13.384592164999958,2
Sweep_clients_100,2,13.414353388000109,0.0014397639997696388,13.416110498999842,4
Sweep_clients_100,3,13.081539739999698,0.0014543299998877046,13.083354715000041,1
Sweep_colluders_20,1,13.284753141999772,0.0012125890002607775,13.286298093999903,2
Sweep_colluders_20,2,13.814905939000255,0.0012779089997820847,13.816575924000063,4
Sweep_colluders_20,3,13.132436126999892,0.003074854999795207,13.13791455799992,1
Sweep_stragglers_20,1,13.14441344800025,0.0011036400001103175,13.14581589699992,4
Sweep_stragglers_20,2,13.487173176999931,0.0009488210002928099,13.488422750999689,7
Sweep_stragglers_20,3,13.29481592600041,0.0011186769997948431,13.296256668000296,3
Sweep_clip_0.5,1,13.3519466810003,0.0009048930000972177,13.353168136000022,2
Sweep_clip_0.5,2,13.403262562000236,0.0010580230000414304,13.404628822000177,4
Sweep_clip_0.5,3,13.256680521999897,0.0011064979998991475,13.258056667999881,1
Sweep_lr_0.05,1,13.254962697000337,0.0008786359999248816,13.256138237999949,2
Sweep_lr_0.05,2,13.348987654999746,0.0010302340001544508,13.350321078999968,4
Sweep_lr_0.05,3,13.183603750999737,0.0010919820001618064,13.185070684000038,1
Sweep_nonIID,1,14.056696826999996,0.0010835690000021714,14.058173144000193,2
Sweep_nonIID,2,12.689303237000331,0.001955349000127171,12.691610106000098,4
Sweep_nonIID,3,13.419646580000062,0.0011258439999437542,13.421053957999902,1
