method,colluders,epsilon_bound,within_bound
Vanilla local noise adding,0,6.000000000000006,True
SMPC+DP,0,5.123415296889945,True
LightDP,0,5.343772673788944,True
Vanilla local noise adding,5,6.000000000000006,True
SMPC+DP,5,5.511866361589259,True
LightDP,5,5.644475896454383,True
Vanilla local noise adding,10,6.000000000000006,True
SMPC+DP,10,6.000000000000006,True
LightDP,10,6.000000000000007,True
Vanilla local noise adding,15,6.000000000000006,False
SMPC+DP,15,6.638216868538333,False
LightDP,15,6.4289542589795525,False
Vanilla local noise adding,20,6.000000000000006,False
SMPC+DP,20,7.521028566806809,False
LightDP,20,6.960058501030619,False
Vanilla local noise adding,30,6.000000000000006,False
SMPC+DP,30,11.187190938724214,False
LightDP,30,8.553915551663756,False
Vanilla local noise adding,40,6.000000000000006,False
SMPC+DP,40,48.236849861800835,False
LightDP,40,11.980963963077166,False
Vanilla local noise adding,49,6.000000000000006,False
SMPC+DP,49,48.236849861800835,False
LightDP,49,25.706884593591518,False
