method,stragglers,measured_std,predicted_std,within_bound
Vanilla local noise adding,0,0.0007172830519266427,0.0007144526729571152,True
SMPC+DP,0,0.00013043345825280994,0.00013044061508282439,True
LightDP,0,0.00020933129417244345,0.0002089147083138224,True
Vanilla local noise adding,5,0.0007562208920717239,0.0007530992423132902,True
SMPC+DP,5,0.0001374944404233247,0.00013749648101834606,True
LightDP,5,0.00037574139423668385,0.00037432084016475237,True
Vanilla local noise adding,10,0.0007982325041666627,0.0007987823717192676,True
SMPC+DP,10,0.00014433824981097132,0.00014583704117603985,True
LightDP,10,0.0005092010251246393,0.0005105923142991792,True
Vanilla local noise adding,15,0.0008485105936415493,0.0008539342747337732,False
SMPC+DP,15,0.00015570706455036998,0.00015590635496616714,False
LightDP,15,0.0006476616254076362,0.0006447842784669984,False
Vanilla local noise adding,20,0.0009217203478328884,0.0009223544346720938,False
SMPC+DP,20,0.000169685241417028,0.0001683981099616103,False
LightDP,20,0.0007865794468671083,0.000788967535162651,False
Vanilla local noise adding,30,0.0011224037734791636,0.0011296488634699353,False
SMPC+DP,30,0.00020728257368318737,0.00020624472152751906,False
LightDP,30,0.0011515526566654444,0.0011601725267300132,False
