round,active_clients,stragglers,learning_rate,mean_client_local_seconds,mean_client_noise_seconds,failures
1,48,2,1.0,0.18845829041651996,0.037786865499735235,0
2,46,4,0.9978087581473094,0.18207646719565673,0.0387341814999356,0
3,49,1,0.9912590402935224,0.17880867973456457,0.04195428246934245,0
4,46,4,0.9804226065180615,0.18119815743470416,0.03876225113052224,0
5,44,6,0.9654181830570403,0.1280575605682812,0.017004338522962247,0
6,46,4,0.9464101615137757,0.1048993788262242,0.0047586290650582196,0
7,44,6,0.9236067977499791,0.24859854613607074,0.09039228977235325,0
8,47,3,0.8972579301909578,0.2505041273829231,0.0953989227017836,0
9,48,2,0.8676522425435433,0.24682847674989716,0.08534735883335998,0
10,48,2,0.8351141009169893,0.2496915050625527,0.08932302797916236,0
11,41,9,0.8,0.2469244390485983,0.07761893717108206,0
12,41,9,0.7626946572303201,0.24522624368289211,0.08787257739006635,0
13,48,2,0.7236067977499789,0.1716939244374013,0.04121430364565034,0
14,45,5,0.6831646763271038,0.10516876739978519,0.007151503688833651,0
15,44,6,0.6418113853070615,0.2419953133639865,0.08894348277284404,0
16,40,10,0.6000000000000001,0.2487917409504007,0.09984043012536858,0
17,42,8,0.5581886146929387,0.24573125654777478,0.09046103390452724,0
18,41,9,0.5168353236728962,0.24813621714654402,0.09566340480532523,0
19,50,0,0.4763932022500211,0.24980707952003287,0.08519570806005504,0
20,46,4,0.43730534276968,0.25113852191276714,0.09453161286997468,0
21,47,3,0.40000000000000013,0.16384985129804996,0.04090872612807211,0
22,49,1,0.36488589908301083,0.11982601257150978,0.014997746693923694,0
23,40,10,0.33234775745645684,0.24437874447512514,0.09308818217468798,0
24,40,10,0.3027420698090424,0.24774872330008293,0.09258524345032129,0
25,45,5,0.27639320225002106,0.24694590473356787,0.08560757046676978,0
26,43,7,0.2535898384862245,0.24957430741880332,0.09026617132528986,0
27,43,7,0.23458181694295963,0.2481181976514182,0.0917192675115075,0
28,44,6,0.2195773934819386,0.24454014781812558,0.08313510709070794,0
29,46,4,0.20874095970647774,0.1557997719783484,0.03284582363013887,0
30,46,4,0.20219124185269066,0.1224596672391667,0.021195202652328906,0
