round,active_clients,examples,training_algorithm,aggregation,local_epochs,learning_rate,weighted_train_loss,mean_client_local_seconds,failures
1,4,45000,fedavg,example_weighted_fedavg,1,0.01,1.8554156422615051,27.262257780749906,0
2,4,45000,fedavg,example_weighted_fedavg,1,0.01,1.3776758313179016,37.54125489800049,0
3,4,45000,fedavg,example_weighted_fedavg,1,0.01,1.1314939558506012,38.21547500600013,0
4,4,45000,fedavg,example_weighted_fedavg,1,0.01,0.9820397794246674,38.010908908499914,0
5,4,45000,fedavg,example_weighted_fedavg,1,0.01,0.8830213695764542,45.99797274725006,0
6,4,45000,fedavg,example_weighted_fedavg,1,0.01,0.8130747526884079,42.84268264875004,0
7,4,45000,fedavg,example_weighted_fedavg,1,0.01,0.7629735022783279,42.46244989699994,0
8,4,45000,fedavg,example_weighted_fedavg,1,0.01,0.7191256433725357,45.22241853624996,0
9,4,45000,fedavg,example_weighted_fedavg,1,0.01,0.6849761009216309,45.60129180224976,0
10,4,45000,fedavg,example_weighted_fedavg,1,0.01,0.6559912413358688,44.91465131100017,0
11,4,45000,fedavg,example_weighted_fedavg,1,0.01,0.6308286339044571,40.48514430575028,0
12,4,45000,fedavg,example_weighted_fedavg,1,0.01,0.6085896193981171,42.594628199499766,0
13,4,45000,fedavg,example_weighted_fedavg,1,0.01,0.5888957977294922,38.31857196750025,0
14,4,45000,fedavg,example_weighted_fedavg,1,0.01,0.5724059492349625,30.58754730449982,0
